{"id":"helper@savefrom.net","version":"2.14","type":"extension","internalName":null,"updateURL":"https://sf-addon.com/helper/mozilla/update.rdf?id=%ITEM_ID%&version=%ITEM_VERSION%&app_locale=%APP_LOCALE%","updateKey":null,"optionsURL":"chrome://savefrom/content/options.xul","optionsType":null,"aboutURL":"chrome://savefrom/content/about.xul","iconURL":"chrome://savefrom/content/icon_48.png","icon64URL":"chrome://savefrom/content/icon_64.png","unpack":false,"strictCompatibility":false,"bootstrap":false,"defaultLocale":{"name":"SaveFrom.net helper","description":"Download YouTube, RapidShare, VK.com and 40+ sites in one click","creator":"SaveFrom.net","homepageURL":"http://savefrom.net/user.php?helper=ff","developers":[],"translators":[],"contributors":[]},"locales":[{"locales":["de-DE"],"name":"SaveFrom.net Helfer","description":"Laden Sie von YouTube, RapidShare, VK.com und mehr als 40 anderen Seiten mit einem Klick herunter","creator":"SaveFrom.net","homepageURL":"http://de.savefrom.net/user.php?helper=ff","developers":[],"translators":[],"contributors":[]},{"locales":["ru-RU"],"name":"SaveFrom.net помощник","description":"Скачивайте с Вконтакте, YouTube, RapidShare и еще 40 сайтов за 1 клик","creator":"SaveFrom.net","homepageURL":"http://ru.savefrom.net/user.php?helper=ff","developers":[],"translators":[],"contributors":[]},{"locales":["tr-TR"],"name":"SaveFrom.net asistan","description":"Sadece bir tıklama ile YouTube, RapidShare, VK.com ve 40'dan fazla siteden dosya indirin.","creator":"SaveFrom.net","homepageURL":"http://savefrom.net/user.php?helper=ff","developers":[],"translators":[],"contributors":[]}],"targetApplications":[{"id":"{ec8030f7-c20a-464f-9b0e-13a3a9e97384}","minVersion":"13.0a1","maxVersion":"27.*"},{"id":"{92650c4d-4b8e-4d2a-b7eb-24ecf4f6b63a}","minVersion":"2.10","maxVersion":"2.22"}],"targetPlatforms":[],"userDisabled":false,"softDisabled":false,"applyBackgroundUpdates":1,"syncGUID":"ojLxqg3R80Wq","size":328949,"hasBinaryComponents":false,"appDisabled":false,"sourceURI":"https://sf-addon.com/helper/mozilla/savefrom_last.xpi?ts=1381413150554","updateDate":1381413158282,"installDate":1381413158282,"active":false,"visible":false,"releaseNotesURI":null,"foreignInstall":false}